idade,ano,sexo,clientela,populacao
0,2013,1,1,1078174
0,2013,1,2,206013
0,2013,3,1,1052553
0,2013,3,2,194692
0,2014,1,1,1142753
0,2014,1,2,205491
0,2014,3,1,1082431
0,2014,3,2,195006
0,2015,1,1,1088181
0,2015,1,2,207031
0,2015,3,1,1011475
0,2015,3,2,207325
0,2016,1,1,1097213
0,2016,1,2,208749
0,2016,3,1,1019870
0,2016,3,2,209046
0,2017,1,1,1105991
0,2017,1,2,210419
0,2017,3,1,1028029
0,2017,3,2,210718
0,2018,1,1,1115060
0,2018,1,2,212144
0,2018,3,1,1036459
0,2018,3,2,212446
0,2019,1,1,1123869
0,2019,1,2,213820
0,2019,3,1,1044647
0,2019,3,2,214124
0,2020,1,1,1132523
0,2020,1,2,215466
0,2020,3,1,1052691
0,2020,3,2,215773
0,2021,1,1,1140904
0,2021,1,2,217060
0,2021,3,1,1060481
0,2021,3,2,217370
0,2022,1,1,1149004
0,2022,1,2,218601
0,2022,3,1,1068010
0,2022,3,2,218913
0,2023,1,1,1156817
0,2023,1,2,220087
0,2023,3,1,1075272
0,2023,3,2,220402
0,2024,1,1,1164336
0,2024,1,2,221518
0,2024,3,1,1082261
0,2024,3,2,221835
0,2025,1,1,1171555
0,2025,1,2,222891
0,2025,3,1,1088971
0,2025,3,2,223210
0,2026,1,1,1178467
0,2026,1,2,224206
0,2026,3,1,1095396
0,2026,3,2,224527
0,2027,1,1,1185066
0,2027,1,2,225462
0,2027,3,1,1101530
0,2027,3,2,225784
0,2028,1,1,1191347
0,2028,1,2,226657
0,2028,3,1,1107368
0,2028,3,2,226981
0,2029,1,1,1197304
0,2029,1,2,227790
0,2029,3,1,1112905
0,2029,3,2,228116
0,2030,1,1,1202931
0,2030,1,2,228861
0,2030,3,1,1118136
0,2030,3,2,229188
0,2031,1,1,1208224
0,2031,1,2,229868
0,2031,3,1,1123056
0,2031,3,2,230196
0,2032,1,1,1213178
0,2032,1,2,230810
0,2032,3,1,1127661
0,2032,3,2,231140
0,2033,1,1,1217788
0,2033,1,2,231687
0,2033,3,1,1131946
0,2033,3,2,232018
0,2034,1,1,1222050
0,2034,1,2,232498
0,2034,3,1,1135908
0,2034,3,2,232830
0,2035,1,1,1225961
0,2035,1,2,233242
0,2035,3,1,1139543
0,2035,3,2,233575
0,2036,1,1,1229516
0,2036,1,2,233918
0,2036,3,1,1142848
0,2036,3,2,234252
0,2037,1,1,1232836
0,2037,1,2,234550
0,2037,3,1,1145934
0,2037,3,2,234884
0,2038,1,1,1235795
0,2038,1,2,235113
0,2038,3,1,1148684
0,2038,3,2,235448
0,2039,1,1,1238390
0,2039,1,2,235607
0,2039,3,1,1151096
0,2039,3,2,235942
0,2040,1,1,1240619
0,2040,1,2,236031
0,2040,3,1,1153168
0,2040,3,2,236367
0,2041,1,1,1242604
0,2041,1,2,236409
0,2041,3,1,1155013
0,2041,3,2,236745
0,2042,1,1,1244219
0,2042,1,2,236716
0,2042,3,1,1156515
0,2042,3,2,237053
0,2043,1,1,1245588
0,2043,1,2,236976
0,2043,3,1,1157787
0,2043,3,2,237314
0,2044,1,1,1246584
0,2044,1,2,237166
0,2044,3,1,1158713
0,2044,3,2,237504
0,2045,1,1,1247332
0,2045,1,2,237308
0,2045,3,1,1159408
0,2045,3,2,237647
0,2046,1,1,1247706
0,2046,1,2,237379
0,2046,3,1,1159756
0,2046,3,2,237718
0,2047,1,1,1247831
0,2047,1,2,237403
0,2047,3,1,1159872
0,2047,3,2,237742
0,2048,1,1,1247581
0,2048,1,2,237356
0,2048,3,1,1159640
0,2048,3,2,237694
0,2049,1,1,1247082
0,2049,1,2,237261
0,2049,3,1,1159176
0,2049,3,2,237599
0,2050,1,1,1246209
0,2050,1,2,237095
0,2050,3,1,1158365
0,2050,3,2,237433
0,2051,1,1,1245087
0,2051,1,2,236882
0,2051,3,1,1157322
0,2051,3,2,237219
0,2052,1,1,1243593
0,2052,1,2,236598
0,2052,3,1,1155933
0,2052,3,2,236934
0,2053,1,1,1241852
0,2053,1,2,236267
0,2053,3,1,1154315
0,2053,3,2,236602
0,2054,1,1,1239865
0,2054,1,2,235889
0,2054,3,1,1152468
0,2054,3,2,236223
0,2055,1,1,1242221
0,2055,1,2,236337
0,2055,3,1,1154658
0,2055,3,2,236672
0,2056,1,1,1239612
0,2056,1,2,235841
0,2056,3,1,1152233
0,2056,3,2,236175
0,2057,1,1,1236637
0,2057,1,2,235275
0,2057,3,1,1149468
0,2057,3,2,235608
0,2058,1,1,1233422
0,2058,1,2,234663
0,2058,3,1,1146479
0,2058,3,2,234995
0,2059,1,1,1229845
0,2059,1,2,233982
0,2059,3,1,1143154
0,2059,3,2,234314
0,2060,1,1,1226032
0,2060,1,2,233257
0,2060,3,1,1139610
0,2060,3,2,233588
1,2013,1,1,4584219
1,2013,1,2,921103
1,2013,3,1,4356218
1,2013,3,2,856291
1,2014,1,1,4464857
1,2014,1,2,923514
1,2014,3,1,4504433
1,2014,3,2,835785
1,2015,1,1,4491543
1,2015,1,2,842858
1,2015,3,1,4309394
1,2015,3,2,783651
1,2016,1,1,4528823
1,2016,1,2,849854
1,2016,3,1,4345162
1,2016,3,2,790155
1,2017,1,1,4565054
1,2017,1,2,856653
1,2017,3,1,4379923
1,2017,3,2,796476
1,2018,1,1,4602487
1,2018,1,2,863678
1,2018,3,1,4415838
1,2018,3,2,803007
1,2019,1,1,4638847
1,2019,1,2,870501
1,2019,3,1,4450723
1,2019,3,2,809351
1,2020,1,1,4674566
1,2020,1,2,877204
1,2020,3,1,4484994
1,2020,3,2,815583
1,2021,1,1,4709158
1,2021,1,2,883695
1,2021,3,1,4518183
1,2021,3,2,821618
1,2022,1,1,4742593
1,2022,1,2,889969
1,2022,3,1,4550262
1,2022,3,2,827451
1,2023,1,1,4774843
1,2023,1,2,896021
1,2023,3,1,4581204
1,2023,3,2,833078
1,2024,1,1,4805879
1,2024,1,2,901845
1,2024,3,1,4610982
1,2024,3,2,838493
1,2025,1,1,4835675
1,2025,1,2,907436
1,2025,3,1,4639570
1,2025,3,2,843692
1,2026,1,1,4864205
1,2026,1,2,912790
1,2026,3,1,4666943
1,2026,3,2,848670
1,2027,1,1,4891445
1,2027,1,2,917902
1,2027,3,1,4693078
1,2027,3,2,853423
1,2028,1,1,4917370
1,2028,1,2,922767
1,2028,3,1,4717951
1,2028,3,2,857946
1,2029,1,1,4941957
1,2029,1,2,927381
1,2029,3,1,4741541
1,2029,3,2,862236
1,2030,1,1,4965184
1,2030,1,2,931740
1,2030,3,1,4763826
1,2030,3,2,866289
1,2031,1,1,4987031
1,2031,1,2,935840
1,2031,3,1,4784787
1,2031,3,2,870101
1,2032,1,1,5007478
1,2032,1,2,939677
1,2032,3,1,4804405
1,2032,3,2,873668
1,2033,1,1,5026506
1,2033,1,2,943248
1,2033,3,1,4822662
1,2033,3,2,876988
1,2034,1,1,5044099
1,2034,1,2,946549
1,2034,3,1,4839541
1,2034,3,2,880057
1,2035,1,1,5060240
1,2035,1,2,949578
1,2035,3,1,4855028
1,2035,3,2,882873
1,2036,1,1,5074915
1,2036,1,2,952332
1,2036,3,1,4869108
1,2036,3,2,885433
1,2037,1,1,5088617
1,2037,1,2,954903
1,2037,3,1,4882255
1,2037,3,2,887824
1,2038,1,1,5100830
1,2038,1,2,957195
1,2038,3,1,4893972
1,2038,3,2,889955
1,2039,1,1,5111542
1,2039,1,2,959205
1,2039,3,1,4904249
1,2039,3,2,891824
1,2040,1,1,5120743
1,2040,1,2,960932
1,2040,3,1,4913077
1,2040,3,2,893429
1,2041,1,1,5128936
1,2041,1,2,962469
1,2041,3,1,4920938
1,2041,3,2,894858
1,2042,1,1,5135604
1,2042,1,2,963720
1,2042,3,1,4927335
1,2042,3,2,896021
1,2043,1,1,5141253
1,2043,1,2,964780
1,2043,3,1,4932755
1,2043,3,2,897007
1,2044,1,1,5145366
1,2044,1,2,965552
1,2044,3,1,4936701
1,2044,3,2,897725
1,2045,1,1,5148453
1,2045,1,2,966131
1,2045,3,1,4939663
1,2045,3,2,898264
1,2046,1,1,5149998
1,2046,1,2,966421
1,2046,3,1,4941145
1,2046,3,2,898533
1,2047,1,1,5150513
1,2047,1,2,966518
1,2047,3,1,4941639
1,2047,3,2,898623
1,2048,1,1,5149483
1,2048,1,2,966325
1,2048,3,1,4940651
1,2048,3,2,898443
1,2049,1,1,5147423
1,2049,1,2,965938
1,2049,3,1,4938675
1,2049,3,2,898084
1,2050,1,1,5143820
1,2050,1,2,965262
1,2050,3,1,4935218
1,2050,3,2,897455
1,2051,1,1,5139191
1,2051,1,2,964393
1,2051,3,1,4930776
1,2051,3,2,896647
1,2052,1,1,5133024
1,2052,1,2,963236
1,2052,3,1,4924859
1,2052,3,2,895571
1,2053,1,1,5125838
1,2053,1,2,961887
1,2053,3,1,4917964
1,2053,3,2,894317
1,2054,1,1,5117637
1,2054,1,2,960348
1,2054,3,1,4910095
1,2054,3,2,892886
1,2055,1,1,5127361
1,2055,1,2,962173
1,2055,3,1,4919424
1,2055,3,2,894582
1,2056,1,1,5116594
1,2056,1,2,960152
1,2056,3,1,4909093
1,2056,3,2,892703
1,2057,1,1,5104314
1,2057,1,2,957848
1,2057,3,1,4897311
1,2057,3,2,890561
1,2058,1,1,5091043
1,2058,1,2,955358
1,2058,3,1,4884578
1,2058,3,2,888246
1,2059,1,1,5076279
1,2059,1,2,952587
1,2059,3,1,4870413
1,2059,3,2,885670
1,2060,1,1,5060543
1,2060,1,2,949634
1,2060,3,1,4855315
1,2060,3,2,882924
2,2013,1,1,6257148
2,2013,1,2,1408386
2,2013,3,1,6142722
2,2013,3,2,1276971
2,2014,1,1,6175210
2,2014,1,2,1283677
2,2014,3,1,5886968
2,2014,3,2,1256322
2,2015,1,1,5962900
2,2015,1,2,1325927
2,2015,3,1,5717131
2,2015,3,2,1255863
2,2016,1,1,6012392
2,2016,1,2,1336932
2,2016,3,1,5764583
2,2016,3,2,1266287
2,2017,1,1,6060491
2,2017,1,2,1347627
2,2017,3,1,5810700
2,2017,3,2,1276417
2,2018,1,1,6110187
2,2018,1,2,1358678
2,2018,3,1,5858348
2,2018,3,2,1286884
2,2019,1,1,6158457
2,2019,1,2,1369412
2,2019,3,1,5904629
2,2019,3,2,1297050
2,2020,1,1,6205877
2,2020,1,2,1379956
2,2020,3,1,5950095
2,2020,3,2,1307037
2,2021,1,1,6251800
2,2021,1,2,1390168
2,2021,3,1,5994126
2,2021,3,2,1316709
2,2022,1,1,6296188
2,2022,1,2,1400038
2,2022,3,1,6036684
2,2022,3,2,1326058
2,2023,1,1,6339002
2,2023,1,2,1409558
2,2023,3,1,6077733
2,2023,3,2,1335075
2,2024,1,1,6380206
2,2024,1,2,1418720
2,2024,3,1,6117238
2,2024,3,2,1343753
2,2025,1,1,6419763
2,2025,1,2,1427516
2,2025,3,1,6155165
2,2025,3,2,1352084
2,2026,1,1,6457640
2,2026,1,2,1435938
2,2026,3,1,6191480
2,2026,3,2,1360061
2,2027,1,1,6493803
2,2027,1,2,1443979
2,2027,3,1,6226152
2,2027,3,2,1367677
2,2028,1,1,6528220
2,2028,1,2,1451632
2,2028,3,1,6259151
2,2028,3,2,1374926
2,2029,1,1,6560861
2,2029,1,2,1458890
2,2029,3,1,6290447
2,2029,3,2,1381801
2,2030,1,1,6591697
2,2030,1,2,1465747
2,2030,3,1,6320012
2,2030,3,2,1388295
2,2031,1,1,6620700
2,2031,1,2,1472196
2,2031,3,1,6347820
2,2031,3,2,1394403
2,2032,1,1,6647845
2,2032,1,2,1478232
2,2032,3,1,6373846
2,2032,3,2,1400120
2,2033,1,1,6673107
2,2033,1,2,1483849
2,2033,3,1,6398067
2,2033,3,2,1405440
2,2034,1,1,6696463
2,2034,1,2,1489042
2,2034,3,1,6420460
2,2034,3,2,1410359
2,2035,1,1,6717892
2,2035,1,2,1493807
2,2035,3,1,6441005
2,2035,3,2,1414872
2,2036,1,1,6737374
2,2036,1,2,1498139
2,2036,3,1,6459684
2,2036,3,2,1418975
2,2037,1,1,6755565
2,2037,1,2,1502184
2,2037,3,1,6477125
2,2037,3,2,1422806
2,2038,1,1,6771778
2,2038,1,2,1505789
2,2038,3,1,6492670
2,2038,3,2,1426221
2,2039,1,1,6785999
2,2039,1,2,1508951
2,2039,3,1,6506305
2,2039,3,2,1429216
2,2040,1,1,6798214
2,2040,1,2,1511667
2,2040,3,1,6518016
2,2040,3,2,1431789
2,2041,1,1,6809091
2,2041,1,2,1514086
2,2041,3,1,6528445
2,2041,3,2,1434080
2,2042,1,1,6817943
2,2042,1,2,1516054
2,2042,3,1,6536932
2,2042,3,2,1435944
2,2043,1,1,6825443
2,2043,1,2,1517722
2,2043,3,1,6544123
2,2043,3,2,1437524
2,2044,1,1,6830903
2,2044,1,2,1518936
2,2044,3,1,6549358
2,2044,3,2,1438674
2,2045,1,1,6835002
2,2045,1,2,1519847
2,2045,3,1,6553288
2,2045,3,2,1439537
2,2046,1,1,6837053
2,2046,1,2,1520303
2,2046,3,1,6555254
2,2046,3,2,1439969
2,2047,1,1,6837737
2,2047,1,2,1520455
2,2047,3,1,6555910
2,2047,3,2,1440113
2,2048,1,1,6836369
2,2048,1,2,1520151
2,2048,3,1,6554599
2,2048,3,2,1439825
2,2049,1,1,6833634
2,2049,1,2,1519543
2,2049,3,1,6551977
2,2049,3,2,1439249
2,2050,1,1,6828850
2,2050,1,2,1518479
2,2050,3,1,6547391
2,2050,3,2,1438242
2,2051,1,1,6822704
2,2051,1,2,1517112
2,2051,3,1,6541498
2,2051,3,2,1436948
2,2052,1,1,6814517
2,2052,1,2,1515291
2,2052,3,1,6533648
2,2052,3,2,1435224
2,2053,1,1,6804977
2,2053,1,2,1513170
2,2053,3,1,6524501
2,2053,3,2,1433215
2,2054,1,1,6794089
2,2054,1,2,1510749
2,2054,3,1,6514062
2,2054,3,2,1430922
2,2055,1,1,6806998
2,2055,1,2,1513619
2,2055,3,1,6526439
2,2055,3,2,1433641
2,2056,1,1,6792703
2,2056,1,2,1510440
2,2056,3,1,6512733
2,2056,3,2,1430630
2,2057,1,1,6776401
2,2057,1,2,1506815
2,2057,3,1,6497102
2,2057,3,2,1427196
2,2058,1,1,6758782
2,2058,1,2,1502897
2,2058,3,1,6480210
2,2058,3,2,1423485
2,2059,1,1,6739182
2,2059,1,2,1498539
2,2059,3,1,6461417
2,2059,3,2,1419357
2,2060,1,1,6718291
2,2060,1,2,1493894
2,2060,3,1,6441387
2,2060,3,2,1414957
3,2013,1,1,6965080
3,2013,1,2,1585309
3,2013,3,1,6463350
3,2013,3,2,1522263
3,2014,1,1,6675210
3,2014,1,2,1548377
3,2014,3,1,6337373
3,2014,3,2,1430075
3,2015,1,1,6537037
3,2015,1,2,1566378
3,2015,3,1,6304124
3,2015,3,2,1456910
3,2016,1,1,6591294
3,2016,1,2,1579379
3,2016,3,1,6356448
3,2016,3,2,1469002
3,2017,1,1,6644024
3,2017,1,2,1592014
3,2017,3,1,6407300
3,2017,3,2,1480754
3,2018,1,1,6698505
3,2018,1,2,1605069
3,2018,3,1,6459840
3,2018,3,2,1492896
3,2019,1,1,6751423
3,2019,1,2,1617749
3,2019,3,1,6510873
3,2019,3,2,1504690
3,2020,1,1,6803409
3,2020,1,2,1630206
3,2020,3,1,6561007
3,2020,3,2,1516276
3,2021,1,1,6853754
3,2021,1,2,1642270
3,2021,3,1,6609558
3,2021,3,2,1527496
3,2022,1,1,6902416
3,2022,1,2,1653930
3,2022,3,1,6656486
3,2022,3,2,1538341
3,2023,1,1,6949352
3,2023,1,2,1665177
3,2023,3,1,6701750
3,2023,3,2,1548802
3,2024,1,1,6994523
3,2024,1,2,1676001
3,2024,3,1,6745311
3,2024,3,2,1558869
3,2025,1,1,7037889
3,2025,1,2,1686392
3,2025,3,1,6787132
3,2025,3,2,1568534
3,2026,1,1,7079413
3,2026,1,2,1696342
3,2026,3,1,6827176
3,2026,3,2,1577788
3,2027,1,1,7119058
3,2027,1,2,1705842
3,2027,3,1,6865408
3,2027,3,2,1586624
3,2028,1,1,7156789
3,2028,1,2,1714883
3,2028,3,1,6901795
3,2028,3,2,1595033
3,2029,1,1,7192573
3,2029,1,2,1723457
3,2029,3,1,6936304
3,2029,3,2,1603008
3,2030,1,1,7226378
3,2030,1,2,1731557
3,2030,3,1,6968905
3,2030,3,2,1610542
3,2031,1,1,7258174
3,2031,1,2,1739176
3,2031,3,1,6999568
3,2031,3,2,1617628
3,2032,1,1,7287933
3,2032,1,2,1746307
3,2032,3,1,7028266
3,2032,3,2,1624260
3,2033,1,1,7315627
3,2033,1,2,1752943
3,2033,3,1,7054973
3,2033,3,2,1630432
3,2034,1,1,7341232
3,2034,1,2,1759078
3,2034,3,1,7079665
3,2034,3,2,1636139
3,2035,1,1,7364724
3,2035,1,2,1764707
3,2035,3,1,7102320
3,2035,3,2,1641375
3,2036,1,1,7386082
3,2036,1,2,1769825
3,2036,3,1,7122917
3,2036,3,2,1646135
3,2037,1,1,7406024
3,2037,1,2,1774604
3,2037,3,1,7142149
3,2037,3,2,1650580
3,2038,1,1,7423798
3,2038,1,2,1778863
3,2038,3,1,7159290
3,2038,3,2,1654541
3,2039,1,1,7439388
3,2039,1,2,1782599
3,2039,3,1,7174325
3,2039,3,2,1658016
3,2040,1,1,7452779
3,2040,1,2,1785808
3,2040,3,1,7187239
3,2040,3,2,1661000
3,2041,1,1,7464703
3,2041,1,2,1788665
3,2041,3,1,7198739
3,2041,3,2,1663658
3,2042,1,1,7474407
3,2042,1,2,1790990
3,2042,3,1,7208097
3,2042,3,2,1665821
3,2043,1,1,7482629
3,2043,1,2,1792960
3,2043,3,1,7216026
3,2043,3,2,1667653
3,2044,1,1,7488615
3,2044,1,2,1794394
3,2044,3,1,7221799
3,2044,3,2,1668987
3,2045,1,1,7493108
3,2045,1,2,1795471
3,2045,3,1,7226132
3,2045,3,2,1669988
3,2046,1,1,7495356
3,2046,1,2,1796010
3,2046,3,1,7228300
3,2046,3,2,1670489
3,2047,1,1,7496106
3,2047,1,2,1796190
3,2047,3,1,7229023
3,2047,3,2,1670656
3,2048,1,1,7494607
3,2048,1,2,1795831
3,2048,3,1,7227577
3,2048,3,2,1670322
3,2049,1,1,7491609
3,2049,1,2,1795113
3,2049,3,1,7224686
3,2049,3,2,1669654
3,2050,1,1,7486365
3,2050,1,2,1793856
3,2050,3,1,7219629
3,2050,3,2,1668485
3,2051,1,1,7479627
3,2051,1,2,1792242
3,2051,3,1,7213131
3,2051,3,2,1666983
3,2052,1,1,7470651
3,2052,1,2,1790091
3,2052,3,1,7204475
3,2052,3,2,1664983
3,2053,1,1,7460192
3,2053,1,2,1787585
3,2053,3,1,7194389
3,2053,3,2,1662652
3,2054,1,1,7448256
3,2054,1,2,1784725
3,2054,3,1,7182878
3,2054,3,2,1659992
3,2055,1,1,7462408
3,2055,1,2,1788116
3,2055,3,1,7196525
3,2055,3,2,1663146
3,2056,1,1,7446737
3,2056,1,2,1784361
3,2056,3,1,7181412
3,2056,3,2,1659653
3,2057,1,1,7428865
3,2057,1,2,1780079
3,2057,3,1,7164177
3,2057,3,2,1655670
3,2058,1,1,7409550
3,2058,1,2,1775451
3,2058,3,1,7145550
3,2058,3,2,1651365
3,2059,1,1,7388062
3,2059,1,2,1770302
3,2059,3,1,7124828
3,2059,3,2,1646576
3,2060,1,1,7365159
3,2060,1,2,1764814
3,2060,3,1,7102741
3,2060,3,2,1641472
4,2013,1,1,7408345
4,2013,1,2,1552651
4,2013,3,1,7250614
4,2013,3,2,1305858
4,2014,1,1,7368034
4,2014,1,2,1528097
4,2014,3,1,7248978
4,2014,3,2,1351350
4,2015,1,1,7304274
4,2015,1,2,1606964
4,2015,3,1,7218637
4,2015,3,2,1349094
4,2016,1,1,7364899
4,2016,1,2,1620302
4,2016,3,1,7278552
4,2016,3,2,1360291
4,2017,1,1,7423818
4,2017,1,2,1633264
4,2017,3,1,7336780
4,2017,3,2,1371173
4,2018,1,1,7484693
4,2018,1,2,1646657
4,2018,3,1,7396942
4,2018,3,2,1382417
4,2019,1,1,7543822
4,2019,1,2,1659666
4,2019,3,1,7455378
4,2019,3,2,1393338
4,2020,1,1,7601909
4,2020,1,2,1672445
4,2020,3,1,7512784
4,2020,3,2,1404067
4,2021,1,1,7658163
4,2021,1,2,1684821
4,2021,3,1,7568379
4,2021,3,2,1414457
4,2022,1,1,7712536
4,2022,1,2,1696783
4,2022,3,1,7622114
4,2022,3,2,1424500
4,2023,1,1,7764981
4,2023,1,2,1708321
4,2023,3,1,7673944
4,2023,3,2,1434187
4,2024,1,1,7815453
4,2024,1,2,1719425
4,2024,3,1,7723825
4,2024,3,2,1443509
4,2025,1,1,7863909
4,2025,1,2,1730085
4,2025,3,1,7771713
4,2025,3,2,1452459
4,2026,1,1,7910306
4,2026,1,2,1740293
4,2026,3,1,7817566
4,2026,3,2,1461029
4,2027,1,1,7954604
4,2027,1,2,1750039
4,2027,3,1,7861344
4,2027,3,2,1469211
4,2028,1,1,7996763
4,2028,1,2,1759314
4,2028,3,1,7903009
4,2028,3,2,1476998
4,2029,1,1,8036747
4,2029,1,2,1768111
4,2029,3,1,7942524
4,2029,3,2,1484383
4,2030,1,1,8074520
4,2030,1,2,1776421
4,2030,3,1,7979854
4,2030,3,2,1491360
4,2031,1,1,8110048
4,2031,1,2,1784237
4,2031,3,1,8014965
4,2031,3,2,1497922
4,2032,1,1,8143299
4,2032,1,2,1791552
4,2032,3,1,8047826
4,2032,3,2,1504063
4,2033,1,1,8174244
4,2033,1,2,1798360
4,2033,3,1,8078408
4,2033,3,2,1509778
4,2034,1,1,8202854
4,2034,1,2,1804654
4,2034,3,1,8106682
4,2034,3,2,1515062
4,2035,1,1,8229103
4,2035,1,2,1810429
4,2035,3,1,8132623
4,2035,3,2,1519910
4,2036,1,1,8252967
4,2036,1,2,1815679
4,2036,3,1,8156208
4,2036,3,2,1524318
4,2037,1,1,8275250
4,2037,1,2,1820581
4,2037,3,1,8178230
4,2037,3,2,1528434
4,2038,1,1,8295111
4,2038,1,2,1824950
4,2038,3,1,8197858
4,2038,3,2,1532102
4,2039,1,1,8312531
4,2039,1,2,1828782
4,2039,3,1,8215074
4,2039,3,2,1535319
4,2040,1,1,8327494
4,2040,1,2,1832074
4,2040,3,1,8229861
4,2040,3,2,1538083
4,2041,1,1,8340818
4,2041,1,2,1835005
4,2041,3,1,8243029
4,2041,3,2,1540544
4,2042,1,1,8351661
4,2042,1,2,1837391
4,2042,3,1,8253745
4,2042,3,2,1542547
4,2043,1,1,8360848
4,2043,1,2,1839412
4,2043,3,1,8262824
4,2043,3,2,1544244
4,2044,1,1,8367537
4,2044,1,2,1840884
4,2044,3,1,8269434
4,2044,3,2,1545479
4,2045,1,1,8372558
4,2045,1,2,1841989
4,2045,3,1,8274396
4,2045,3,2,1546406
4,2046,1,1,8375070
4,2046,1,2,1842542
4,2046,3,1,8276878
4,2046,3,2,1546870
4,2047,1,1,8375908
4,2047,1,2,1842726
4,2047,3,1,8277706
4,2047,3,2,1547025
4,2048,1,1,8374233
4,2048,1,2,1842357
4,2048,3,1,8276050
4,2048,3,2,1546716
4,2049,1,1,8370883
4,2049,1,2,1841620
4,2049,3,1,8272740
4,2049,3,2,1546097
4,2050,1,1,8365023
4,2050,1,2,1840331
4,2050,3,1,8266949
4,2050,3,2,1545015
4,2051,1,1,8357494
4,2051,1,2,1838675
4,2051,3,1,8259509
4,2051,3,2,1543624
4,2052,1,1,8347465
4,2052,1,2,1836469
4,2052,3,1,8249598
4,2052,3,2,1541772
4,2053,1,1,8335779
4,2053,1,2,1833898
4,2053,3,1,8238049
4,2053,3,2,1539614
4,2054,1,1,8322442
4,2054,1,2,1830964
4,2054,3,1,8224868
4,2054,3,2,1537151
4,2055,1,1,8338255
4,2055,1,2,1834443
4,2055,3,1,8240495
4,2055,3,2,1540072
4,2056,1,1,8320745
4,2056,1,2,1830591
4,2056,3,1,8223190
4,2056,3,2,1536838
4,2057,1,1,8300775
4,2057,1,2,1826198
4,2057,3,1,8203454
4,2057,3,2,1533150
4,2058,1,1,8279193
4,2058,1,2,1821450
4,2058,3,1,8182125
4,2058,3,2,1529164
4,2059,1,1,8255183
4,2059,1,2,1816168
4,2059,3,1,8158397
4,2059,3,2,1524729
4,2060,1,1,8229592
4,2060,1,2,1810538
4,2060,3,1,8133106
4,2060,3,2,1520002
5,2013,1,1,6726612
5,2013,1,2,1129661
5,2013,3,1,6939081
5,2013,3,2,1035137
5,2014,1,1,6774705
5,2014,1,2,1065800
5,2014,3,1,6904666
5,2014,3,2,987497
5,2015,1,1,6834518
5,2015,1,2,1120835
5,2015,3,1,6683001
5,2015,3,2,952506
5,2016,1,1,6891244
5,2016,1,2,1130138
5,2016,3,1,6738470
5,2016,3,2,960412
5,2017,1,1,6946374
5,2017,1,2,1139179
5,2017,3,1,6792378
5,2017,3,2,968095
5,2018,1,1,7003334
5,2018,1,2,1148520
5,2018,3,1,6848075
5,2018,3,2,976033
5,2019,1,1,7058660
5,2019,1,2,1157593
5,2019,3,1,6902175
5,2019,3,2,983744
5,2020,1,1,7113012
5,2020,1,2,1166506
5,2020,3,1,6955322
5,2020,3,2,991319
5,2021,1,1,7165648
5,2021,1,2,1175138
5,2021,3,1,7006791
5,2021,3,2,998655
5,2022,1,1,7216524
5,2022,1,2,1183481
5,2022,3,1,7056539
5,2022,3,2,1005745
5,2023,1,1,7265596
5,2023,1,2,1191529
5,2023,3,1,7104523
5,2023,3,2,1012584
5,2024,1,1,7312822
5,2024,1,2,1199274
5,2024,3,1,7150702
5,2024,3,2,1019166
5,2025,1,1,7358161
5,2025,1,2,1206709
5,2025,3,1,7195036
5,2025,3,2,1025485
5,2026,1,1,7401574
5,2026,1,2,1213829
5,2026,3,1,7237487
5,2026,3,2,1031535
5,2027,1,1,7443023
5,2027,1,2,1220626
5,2027,3,1,7278017
5,2027,3,2,1037312
5,2028,1,1,7482471
5,2028,1,2,1227095
5,2028,3,1,7316590
5,2028,3,2,1042810
5,2029,1,1,7519883
5,2029,1,2,1233230
5,2029,3,1,7353173
5,2029,3,2,1048024
5,2030,1,1,7555226
5,2030,1,2,1239026
5,2030,3,1,7387733
5,2030,3,2,1052950
5,2031,1,1,7588469
5,2031,1,2,1244478
5,2031,3,1,7420239
5,2031,3,2,1057583
5,2032,1,1,7619582
5,2032,1,2,1249580
5,2032,3,1,7450662
5,2032,3,2,1061919
5,2033,1,1,7648536
5,2033,1,2,1254328
5,2033,3,1,7478975
5,2033,3,2,1065954
5,2034,1,1,7675306
5,2034,1,2,1258718
5,2034,3,1,7505151
5,2034,3,2,1069685
5,2035,1,1,7699867
5,2035,1,2,1262746
5,2035,3,1,7529167
5,2035,3,2,1073108
5,2036,1,1,7722197
5,2036,1,2,1266408
5,2036,3,1,7551002
5,2036,3,2,1076220
5,2037,1,1,7743047
5,2037,1,2,1269827
5,2037,3,1,7571390
5,2037,3,2,1079126
5,2038,1,1,7761630
5,2038,1,2,1272875
5,2038,3,1,7589561
5,2038,3,2,1081716
5,2039,1,1,7777929
5,2039,1,2,1275548
5,2039,3,1,7605499
5,2039,3,2,1083988
5,2040,1,1,7791929
5,2040,1,2,1277844
5,2040,3,1,7619189
5,2040,3,2,1085939
5,2041,1,1,7804396
5,2041,1,2,1279889
5,2041,3,1,7631380
5,2041,3,2,1087677
5,2042,1,1,7814542
5,2042,1,2,1281553
5,2042,3,1,7641301
5,2042,3,2,1089091
5,2043,1,1,7823138
5,2043,1,2,1282963
5,2043,3,1,7649706
5,2043,3,2,1090289
5,2044,1,1,7829397
5,2044,1,2,1283989
5,2044,3,1,7655826
5,2044,3,2,1091161
5,2045,1,1,7834095
5,2045,1,2,1284759
5,2045,3,1,7660419
5,2045,3,2,1091816
5,2046,1,1,7836445
5,2046,1,2,1285144
5,2046,3,1,7662717
5,2046,3,2,1092144
5,2047,1,1,7837229
5,2047,1,2,1285273
5,2047,3,1,7663483
5,2047,3,2,1092253
5,2048,1,1,7835662
5,2048,1,2,1285016
5,2048,3,1,7661950
5,2048,3,2,1092035
5,2049,1,1,7832528
5,2049,1,2,1284502
5,2049,3,1,7658885
5,2049,3,2,1091598
5,2050,1,1,7827045
5,2050,1,2,1283603
5,2050,3,1,7653524
5,2050,3,2,1090834
5,2051,1,1,7820001
5,2051,1,2,1282448
5,2051,3,1,7646636
5,2051,3,2,1089852
5,2052,1,1,7810617
5,2052,1,2,1280909
5,2052,3,1,7637460
5,2052,3,2,1088544
5,2053,1,1,7799682
5,2053,1,2,1279116
5,2053,3,1,7626768
5,2053,3,2,1087020
5,2054,1,1,7787203
5,2054,1,2,1277069
5,2054,3,1,7614565
5,2054,3,2,1085281
5,2055,1,1,7801999
5,2055,1,2,1279495
5,2055,3,1,7629033
5,2055,3,2,1087343
5,2056,1,1,7785615
5,2056,1,2,1276808
5,2056,3,1,7613012
5,2056,3,2,1085060
5,2057,1,1,7766930
5,2057,1,2,1273744
5,2057,3,1,7594741
5,2057,3,2,1082456
5,2058,1,1,7746736
5,2058,1,2,1270432
5,2058,3,1,7574995
5,2058,3,2,1079642
5,2059,1,1,7724270
5,2059,1,2,1266748
5,2059,3,1,7553028
5,2059,3,2,1076511
5,2060,1,1,7700325
5,2060,1,2,1262821
5,2060,3,1,7529614
5,2060,3,2,1073174
6,2013,1,1,6587968
6,2013,1,2,1034655
6,2013,3,1,7018412
6,2013,3,2,1020528
6,2014,1,1,6659009
6,2014,1,2,1052584
6,2014,3,1,7009283
6,2014,3,2,1012170
6,2015,1,1,6476659
6,2015,1,2,1049529
6,2015,3,1,6704132
6,2015,3,2,1045257
6,2016,1,1,6530415
6,2016,1,2,1058240
6,2016,3,1,6759776
6,2016,3,2,1053933
6,2017,1,1,6582658
6,2017,1,2,1066706
6,2017,3,1,6813854
6,2017,3,2,1062364
6,2018,1,1,6636636
6,2018,1,2,1075453
6,2018,3,1,6869728
6,2018,3,2,1071075
6,2019,1,1,6689065
6,2019,1,2,1083949
6,2019,3,1,6923999
6,2019,3,2,1079536
6,2020,1,1,6740571
6,2020,1,2,1092295
6,2020,3,1,6977314
6,2020,3,2,1087848
6,2021,1,1,6790451
6,2021,1,2,1100378
6,2021,3,1,7028946
6,2021,3,2,1095898
6,2022,1,1,6838663
6,2022,1,2,1108191
6,2022,3,1,7078852
6,2022,3,2,1103679
6,2023,1,1,6885166
6,2023,1,2,1115727
6,2023,3,1,7126988
6,2023,3,2,1111184
6,2024,1,1,6929920
6,2024,1,2,1122979
6,2024,3,1,7173313
6,2024,3,2,1118407
6,2025,1,1,6972886
6,2025,1,2,1129941
6,2025,3,1,7217788
6,2025,3,2,1125341
6,2026,1,1,7014026
6,2026,1,2,1136608
6,2026,3,1,7260373
6,2026,3,2,1131981
6,2027,1,1,7053305
6,2027,1,2,1142973
6,2027,3,1,7301031
6,2027,3,2,1138320
6,2028,1,1,7090688
6,2028,1,2,1149031
6,2028,3,1,7339726
6,2028,3,2,1144353
6,2029,1,1,7126141
6,2029,1,2,1154776
6,2029,3,1,7376425
6,2029,3,2,1150075
6,2030,1,1,7159634
6,2030,1,2,1160203
6,2030,3,1,7411094
6,2030,3,2,1155480
6,2031,1,1,7191136
6,2031,1,2,1165308
6,2031,3,1,7443703
6,2031,3,2,1160564
6,2032,1,1,7220620
6,2032,1,2,1170086
6,2032,3,1,7474222
6,2032,3,2,1165322
6,2033,1,1,7248058
6,2033,1,2,1174532
6,2033,3,1,7502624
6,2033,3,2,1169750
6,2034,1,1,7273426
6,2034,1,2,1178643
6,2034,3,1,7528883
6,2034,3,2,1173844
6,2035,1,1,7296701
6,2035,1,2,1182415
6,2035,3,1,7552975
6,2035,3,2,1177600
6,2036,1,1,7317861
6,2036,1,2,1185844
6,2036,3,1,7574879
6,2036,3,2,1181015
6,2037,1,1,7337619
6,2037,1,2,1189046
6,2037,3,1,7595331
6,2037,3,2,1184204
6,2038,1,1,7355229
6,2038,1,2,1191900
6,2038,3,1,7613560
6,2038,3,2,1187046
6,2039,1,1,7370675
6,2039,1,2,1194403
6,2039,3,1,7629548
6,2039,3,2,1189539
6,2040,1,1,7383942
6,2040,1,2,1196553
6,2040,3,1,7643281
6,2040,3,2,1191680
6,2041,1,1,7395756
6,2041,1,2,1198467
6,2041,3,1,7655510
6,2041,3,2,1193587
6,2042,1,1,7405370
6,2042,1,2,1200025
6,2042,3,1,7665462
6,2042,3,2,1195139
6,2043,1,1,7413516
6,2043,1,2,1201345
6,2043,3,1,7673894
6,2043,3,2,1196454
6,2044,1,1,7419447
6,2044,1,2,1202306
6,2044,3,1,7680033
6,2044,3,2,1197411
6,2045,1,1,7423899
6,2045,1,2,1203027
6,2045,3,1,7684641
6,2045,3,2,1198129
6,2046,1,1,7426126
6,2046,1,2,1203388
6,2046,3,1,7686946
6,2046,3,2,1198488
6,2047,1,1,7426869
6,2047,1,2,1203508
6,2047,3,1,7687715
6,2047,3,2,1198608
6,2048,1,1,7425384
6,2048,1,2,1203267
6,2048,3,1,7686177
6,2048,3,2,1198368
6,2049,1,1,7422414
6,2049,1,2,1202786
6,2049,3,1,7683103
6,2049,3,2,1197889
6,2050,1,1,7417218
6,2050,1,2,1201944
6,2050,3,1,7677725
6,2050,3,2,1197050
6,2051,1,1,7410543
6,2051,1,2,1200862
6,2051,3,1,7670815
6,2051,3,2,1195973
6,2052,1,1,7401650
6,2052,1,2,1199421
6,2052,3,1,7661610
6,2052,3,2,1194538
6,2053,1,1,7391288
6,2053,1,2,1197742
6,2053,3,1,7650884
6,2053,3,2,1192866
6,2054,1,1,7379462
6,2054,1,2,1195826
6,2054,3,1,7638643
6,2054,3,2,1190957
6,2055,1,1,7393483
6,2055,1,2,1198098
6,2055,3,1,7653156
6,2055,3,2,1193220
6,2056,1,1,7377957
6,2056,1,2,1195582
6,2056,3,1,7637084
6,2056,3,2,1190714
6,2057,1,1,7360250
6,2057,1,2,1192713
6,2057,3,1,7618755
6,2057,3,2,1187856
6,2058,1,1,7341113
6,2058,1,2,1189612
6,2058,3,1,7598946
6,2058,3,2,1184768
6,2059,1,1,7319824
6,2059,1,2,1186162
6,2059,3,1,7576909
6,2059,3,2,1181332
6,2060,1,1,7297133
6,2060,1,2,1182485
6,2060,3,1,7553421
6,2060,3,2,1177670
7,2013,1,1,6920892
7,2013,1,2,1111821
7,2013,3,1,7553361
7,2013,3,2,1063407
7,2014,1,1,6894145
7,2014,1,2,1075321
7,2014,3,1,7583254
7,2014,3,2,1044252
7,2015,1,1,6756646
7,2015,1,2,1142349
7,2015,3,1,7329929
7,2015,3,2,1051758
7,2016,1,1,6812726
7,2016,1,2,1151830
7,2016,3,1,7390767
7,2016,3,2,1060488
7,2017,1,1,6867228
7,2017,1,2,1161045
7,2017,3,1,7449893
7,2017,3,2,1068972
7,2018,1,1,6923539
7,2018,1,2,1170566
7,2018,3,1,7510982
7,2018,3,2,1077738
7,2019,1,1,6978235
7,2019,1,2,1179813
7,2019,3,1,7570319
7,2019,3,2,1086252
7,2020,1,1,7031967
7,2020,1,2,1188898
7,2020,3,1,7628610
7,2020,3,2,1094616
7,2021,1,1,7084004
7,2021,1,2,1197696
7,2021,3,1,7685062
7,2021,3,2,1102716
7,2022,1,1,7134300
7,2022,1,2,1206200
7,2022,3,1,7739626
7,2022,3,2,1110545
7,2023,1,1,7182813
7,2023,1,2,1214402
7,2023,3,1,7792255
7,2023,3,2,1118097
7,2024,1,1,7229501
7,2024,1,2,1222296
7,2024,3,1,7842905
7,2024,3,2,1125365
7,2025,1,1,7274324
7,2025,1,2,1229874
7,2025,3,1,7891531
7,2025,3,2,1132342
7,2026,1,1,7317243
7,2026,1,2,1237130
7,2026,3,1,7938091
7,2026,3,2,1139023
7,2027,1,1,7358220
7,2027,1,2,1244058
7,2027,3,1,7982544
7,2027,3,2,1145402
7,2028,1,1,7397219
7,2028,1,2,1250652
7,2028,3,1,8024851
7,2028,3,2,1151473
7,2029,1,1,7434205
7,2029,1,2,1256905
7,2029,3,1,8064975
7,2029,3,2,1157230
7,2030,1,1,7469146
7,2030,1,2,1262812
7,2030,3,1,8102880
7,2030,3,2,1162669
7,2031,1,1,7502010
7,2031,1,2,1268368
7,2031,3,1,8138533
7,2031,3,2,1167785
7,2032,1,1,7532768
7,2032,1,2,1273568
7,2032,3,1,8171901
7,2032,3,2,1172573
7,2033,1,1,7561393
7,2033,1,2,1278408
7,2033,3,1,8202954
7,2033,3,2,1177029
7,2034,1,1,7587858
7,2034,1,2,1282882
7,2034,3,1,8231664
7,2034,3,2,1181149
7,2035,1,1,7612139
7,2035,1,2,1286987
7,2035,3,1,8258005
7,2035,3,2,1184929
7,2036,1,1,7634214
7,2036,1,2,1290719
7,2036,3,1,8281953
7,2036,3,2,1188365
7,2037,1,1,7654826
7,2037,1,2,1294204
7,2037,3,1,8304314
7,2037,3,2,1191574
7,2038,1,1,7673198
7,2038,1,2,1297310
7,2038,3,1,8324244
7,2038,3,2,1194434
7,2039,1,1,7689312
7,2039,1,2,1300034
7,2039,3,1,8341725
7,2039,3,2,1196942
7,2040,1,1,7703153
7,2040,1,2,1302374
7,2040,3,1,8356740
7,2040,3,2,1199096
7,2041,1,1,7715478
7,2041,1,2,1304458
7,2041,3,1,8370111
7,2041,3,2,1201015
7,2042,1,1,7725508
7,2042,1,2,1306154
7,2042,3,1,8380992
7,2042,3,2,1202576
7,2043,1,1,7734006
7,2043,1,2,1307591
7,2043,3,1,8390211
7,2043,3,2,1203899
7,2044,1,1,7740193
7,2044,1,2,1308637
7,2044,3,1,8396923
7,2044,3,2,1204862
7,2045,1,1,7744837
7,2045,1,2,1309422
7,2045,3,1,8401961
7,2045,3,2,1205585
7,2046,1,1,7747160
7,2046,1,2,1309815
7,2046,3,1,8404482
7,2046,3,2,1205947
7,2047,1,1,7747935
7,2047,1,2,1309946
7,2047,3,1,8405322
7,2047,3,2,1206068
7,2048,1,1,7746385
7,2048,1,2,1309684
7,2048,3,1,8403641
7,2048,3,2,1205827
7,2049,1,1,7743286
7,2049,1,2,1309160
7,2049,3,1,8400280
7,2049,3,2,1205345
7,2050,1,1,7737866
7,2050,1,2,1308244
7,2050,3,1,8394400
7,2050,3,2,1204501
7,2051,1,1,7730902
7,2051,1,2,1307067
7,2051,3,1,8386845
7,2051,3,2,1203417
7,2052,1,1,7721625
7,2052,1,2,1305499
7,2052,3,1,8376781
7,2052,3,2,1201973
7,2053,1,1,7710815
7,2053,1,2,1303671
7,2053,3,1,8365054
7,2053,3,2,1200290
7,2054,1,1,7698478
7,2054,1,2,1301585
7,2054,3,1,8351670
7,2054,3,2,1198370
7,2055,1,1,7713105
7,2055,1,2,1304058
7,2055,3,1,8367538
7,2055,3,2,1200647
7,2056,1,1,7696907
7,2056,1,2,1301319
7,2056,3,1,8349966
7,2056,3,2,1198126
7,2057,1,1,7678434
7,2057,1,2,1298196
7,2057,3,1,8329926
7,2057,3,2,1195250
7,2058,1,1,7658470
7,2058,1,2,1294821
7,2058,3,1,8308268
7,2058,3,2,1192142
7,2059,1,1,7636260
7,2059,1,2,1291066
7,2059,3,1,8284174
7,2059,3,2,1188685
7,2060,1,1,7612588
7,2060,1,2,1287064
7,2060,3,1,8258493
7,2060,3,2,1185000
8,2013,1,1,6197840
8,2013,1,2,1049045
8,2013,3,1,6850311
8,2013,3,2,997805
8,2014,1,1,6152455
8,2014,1,2,1061799
8,2014,3,1,6847265
8,2014,3,2,1023265
8,2015,1,1,6397852
8,2015,1,2,1165758
8,2015,3,1,7102306
8,2015,3,2,1092023
8,2016,1,1,6450954
8,2016,1,2,1175434
8,2016,3,1,7161255
8,2016,3,2,1101087
8,2017,1,1,6502562
8,2017,1,2,1184837
8,2017,3,1,7218545
8,2017,3,2,1109896
8,2018,1,1,6555883
8,2018,1,2,1194553
8,2018,3,1,7277737
8,2018,3,2,1118997
8,2019,1,1,6607674
8,2019,1,2,1203990
8,2019,3,1,7335231
8,2019,3,2,1127837
8,2020,1,1,6658553
8,2020,1,2,1213261
8,2020,3,1,7391712
8,2020,3,2,1136521
8,2021,1,1,6707826
8,2021,1,2,1222239
8,2021,3,1,7446411
8,2021,3,2,1144931
8,2022,1,1,6755452
8,2022,1,2,1230917
8,2022,3,1,7499281
8,2022,3,2,1153060
8,2023,1,1,6801389
8,2023,1,2,1239287
8,2023,3,1,7550276
8,2023,3,2,1160901
8,2024,1,1,6845598
8,2024,1,2,1247342
8,2024,3,1,7599353
8,2024,3,2,1168447
8,2025,1,1,6888041
8,2025,1,2,1255076
8,2025,3,1,7646469
8,2025,3,2,1175691
8,2026,1,1,6928680
8,2026,1,2,1262481
8,2026,3,1,7691583
8,2026,3,2,1182628
8,2027,1,1,6967481
8,2027,1,2,1269551
8,2027,3,1,7734656
8,2027,3,2,1189251
8,2028,1,1,7004409
8,2028,1,2,1276280
8,2028,3,1,7775650
8,2028,3,2,1195554
8,2029,1,1,7039431
8,2029,1,2,1282661
8,2029,3,1,7814528
8,2029,3,2,1201532
8,2030,1,1,7072516
8,2030,1,2,1288690
8,2030,3,1,7851256
8,2030,3,2,1207179
8,2031,1,1,7103635
8,2031,1,2,1294360
8,2031,3,1,7885802
8,2031,3,2,1212491
8,2032,1,1,7132760
8,2032,1,2,1299667
8,2032,3,1,7918134
8,2032,3,2,1217462
8,2033,1,1,7159864
8,2033,1,2,1304606
8,2033,3,1,7948223
8,2033,3,2,1222088
8,2034,1,1,7184924
8,2034,1,2,1309172
8,2034,3,1,7976042
8,2034,3,2,1226365
8,2035,1,1,7207916
8,2035,1,2,1313361
8,2035,3,1,8001565
8,2035,3,2,1230289
8,2036,1,1,7228819
8,2036,1,2,1317170
8,2036,3,1,8024770
8,2036,3,2,1233857
8,2037,1,1,7248337
8,2037,1,2,1320726
8,2037,3,1,8046437
8,2037,3,2,1237188
8,2038,1,1,7265733
8,2038,1,2,1323896
8,2038,3,1,8065748
8,2038,3,2,1240157
8,2039,1,1,7280991
8,2039,1,2,1326676
8,2039,3,1,8082686
8,2039,3,2,1242761
8,2040,1,1,7294097
8,2040,1,2,1329064
8,2040,3,1,8097235
8,2040,3,2,1244998
8,2041,1,1,7305768
8,2041,1,2,1331191
8,2041,3,1,8110191
8,2041,3,2,1246990
8,2042,1,1,7315265
8,2042,1,2,1332922
8,2042,3,1,8120734
8,2042,3,2,1248611
8,2043,1,1,7323312
8,2043,1,2,1334388
8,2043,3,1,8129667
8,2043,3,2,1249984
8,2044,1,1,7329171
8,2044,1,2,1335456
8,2044,3,1,8136171
8,2044,3,2,1250984
8,2045,1,1,7333569
8,2045,1,2,1336257
8,2045,3,1,8141053
8,2045,3,2,1251735
8,2046,1,1,7335769
8,2046,1,2,1336658
8,2046,3,1,8143495
8,2046,3,2,1252111
8,2047,1,1,7336503
8,2047,1,2,1336792
8,2047,3,1,8144309
8,2047,3,2,1252236
8,2048,1,1,7335036
8,2048,1,2,1336525
8,2048,3,1,8142680
8,2048,3,2,1251986
8,2049,1,1,7332102
8,2049,1,2,1335990
8,2049,3,1,8139423
8,2049,3,2,1251485
8,2050,1,1,7326970
8,2050,1,2,1335055
8,2050,3,1,8133725
8,2050,3,2,1250609
8,2051,1,1,7320376
8,2051,1,2,1333853
8,2051,3,1,8126405
8,2051,3,2,1249483
8,2052,1,1,7311592
8,2052,1,2,1332252
8,2052,3,1,8116653
8,2052,3,2,1247984
8,2053,1,1,7301356
8,2053,1,2,1330387
8,2053,3,1,8105290
8,2053,3,2,1246237
8,2054,1,1,7289674
8,2054,1,2,1328258
8,2054,3,1,8092322
8,2054,3,2,1244243
8,2055,1,1,7303524
8,2055,1,2,1330782
8,2055,3,1,8107697
8,2055,3,2,1246607
8,2056,1,1,7288187
8,2056,1,2,1327987
8,2056,3,1,8090671
8,2056,3,2,1243989
8,2057,1,1,7270695
8,2057,1,2,1324800
8,2057,3,1,8071253
8,2057,3,2,1241003
8,2058,1,1,7251791
8,2058,1,2,1321356
8,2058,3,1,8050268
8,2058,3,2,1237776
8,2059,1,1,7230761
8,2059,1,2,1317524
8,2059,3,1,8026922
8,2059,3,2,1234186
8,2060,1,1,7208346
8,2060,1,2,1313440
8,2060,3,1,8002039
8,2060,3,2,1230360
9,2013,1,1,5618731
9,2013,1,2,1007771
9,2013,3,1,6371203
9,2013,3,2,918504
9,2014,1,1,5877808
9,2014,1,2,1032186
9,2014,3,1,6488891
9,2014,3,2,905560
9,2015,1,1,5919118
9,2015,1,2,1062125
9,2015,3,1,6581158
9,2015,3,2,974017
9,2016,1,1,5968247
9,2016,1,2,1070941
9,2016,3,1,6635782
9,2016,3,2,982101
9,2017,1,1,6015993
9,2017,1,2,1079509
9,2017,3,1,6688868
9,2017,3,2,989958
9,2018,1,1,6065324
9,2018,1,2,1088361
9,2018,3,1,6743717
9,2018,3,2,998076
9,2019,1,1,6113240
9,2019,1,2,1096959
9,2019,3,1,6796992
9,2019,3,2,1005961
9,2020,1,1,6160312
9,2020,1,2,1105406
9,2020,3,1,6849329
9,2020,3,2,1013707
9,2021,1,1,6205898
9,2021,1,2,1113586
9,2021,3,1,6900014
9,2021,3,2,1021208
9,2022,1,1,6249960
9,2022,1,2,1121492
9,2022,3,1,6949004
9,2022,3,2,1028459
9,2023,1,1,6292460
9,2023,1,2,1129118
9,2023,3,1,6996257
9,2023,3,2,1035453
9,2024,1,1,6333361
9,2024,1,2,1136457
9,2024,3,1,7041733
9,2024,3,2,1042183
9,2025,1,1,6372628
9,2025,1,2,1143503
9,2025,3,1,7085392
9,2025,3,2,1048645
9,2026,1,1,6410227
9,2026,1,2,1150250
9,2026,3,1,7127196
9,2026,3,2,1054832
9,2027,1,1,6446124
9,2027,1,2,1156691
9,2027,3,1,7167108
9,2027,3,2,1060739
9,2028,1,1,6480288
9,2028,1,2,1162821
9,2028,3,1,7205094
9,2028,3,2,1066361
9,2029,1,1,6512689
9,2029,1,2,1168635
9,2029,3,1,7241119
9,2029,3,2,1071693
9,2030,1,1,6543299
9,2030,1,2,1174128
9,2030,3,1,7275152
9,2030,3,2,1076730
9,2031,1,1,6572090
9,2031,1,2,1179294
9,2031,3,1,7307163
9,2031,3,2,1081468
9,2032,1,1,6599036
9,2032,1,2,1184129
9,2032,3,1,7337122
9,2032,3,2,1085902
9,2033,1,1,6624112
9,2033,1,2,1188629
9,2033,3,1,7365003
9,2033,3,2,1090028
9,2034,1,1,6647296
9,2034,1,2,1192789
9,2034,3,1,7390781
9,2034,3,2,1093843
9,2035,1,1,6668567
9,2035,1,2,1196606
9,2035,3,1,7414431
9,2035,3,2,1097343
9,2036,1,1,6687906
9,2036,1,2,1200076
9,2036,3,1,7435933
9,2036,3,2,1100525
9,2037,1,1,6705963
9,2037,1,2,1203316
9,2037,3,1,7456010
9,2037,3,2,1103496
9,2038,1,1,6722057
9,2038,1,2,1206204
9,2038,3,1,7473904
9,2038,3,2,1106144
9,2039,1,1,6736173
9,2039,1,2,1208737
9,2039,3,1,7489599
9,2039,3,2,1108467
9,2040,1,1,6748298
9,2040,1,2,1210913
9,2040,3,1,7503080
9,2040,3,2,1110462
9,2041,1,1,6759095
9,2041,1,2,1212850
9,2041,3,1,7515085
9,2041,3,2,1112239
9,2042,1,1,6767882
9,2042,1,2,1214427
9,2042,3,1,7524855
9,2042,3,2,1113685
9,2043,1,1,6775327
9,2043,1,2,1215763
9,2043,3,1,7533132
9,2043,3,2,1114910
9,2044,1,1,6780747
9,2044,1,2,1216736
9,2044,3,1,7539159
9,2044,3,2,1115802
9,2045,1,1,6784815
9,2045,1,2,1217466
9,2045,3,1,7543682
9,2045,3,2,1116471
9,2046,1,1,6786850
9,2046,1,2,1217831
9,2046,3,1,7545945
9,2046,3,2,1116806
9,2047,1,1,6787529
9,2047,1,2,1217953
9,2047,3,1,7546700
9,2047,3,2,1116918
9,2048,1,1,6786171
9,2048,1,2,1217709
9,2048,3,1,7545191
9,2048,3,2,1116695
9,2049,1,1,6783457
9,2049,1,2,1217222
9,2049,3,1,7542173
9,2049,3,2,1116248
9,2050,1,1,6778709
9,2050,1,2,1216370
9,2050,3,1,7536893
9,2050,3,2,1115467
9,2051,1,1,6772608
9,2051,1,2,1215275
9,2051,3,1,7530110
9,2051,3,2,1114463
9,2052,1,1,6764481
9,2052,1,2,1213817
9,2052,3,1,7521074
9,2052,3,2,1113126
9,2053,1,1,6755011
9,2053,1,2,1212118
9,2053,3,1,7510544
9,2053,3,2,1111568
9,2054,1,1,6744203
9,2054,1,2,1210179
9,2054,3,1,7498527
9,2054,3,2,1109789
9,2055,1,1,6757017
9,2055,1,2,1212478
9,2055,3,1,7512774
9,2055,3,2,1111898
9,2056,1,1,6742827
9,2056,1,2,1209932
9,2056,3,1,7496997
9,2056,3,2,1109563
9,2057,1,1,6726644
9,2057,1,2,1207028
9,2057,3,1,7479004
9,2057,3,2,1106900
9,2058,1,1,6709155
9,2058,1,2,1203890
9,2058,3,1,7459559
9,2058,3,2,1104022
9,2059,1,1,6689698
9,2059,1,2,1200399
9,2059,3,1,7437926
9,2059,3,2,1100820
9,2060,1,1,6668960
9,2060,1,2,1196678
9,2060,3,1,7414868
9,2060,3,2,1097407
10,2013,1,1,5354470
10,2013,1,2,1011070
10,2013,3,1,6031103
10,2013,3,2,890405
10,2014,1,1,5326921
10,2014,1,2,1018732
10,2014,3,1,6110099
10,2014,3,2,903309
10,2015,1,1,5432777
10,2015,1,2,1059356
10,2015,3,1,6181660
10,2015,3,2,933636
10,2016,1,1,5477869
10,2016,1,2,1068149
10,2016,3,1,6232968
10,2016,3,2,941385
10,2017,1,1,5521692
10,2017,1,2,1076694
10,2017,3,1,6282832
10,2017,3,2,948916
10,2018,1,1,5566970
10,2018,1,2,1085523
10,2018,3,1,6334351
10,2018,3,2,956697
10,2019,1,1,5610949
10,2019,1,2,1094099
10,2019,3,1,6384392
10,2019,3,2,964255
10,2020,1,1,5654153
10,2020,1,2,1102524
10,2020,3,1,6433552
10,2020,3,2,971680
10,2021,1,1,5695994
10,2021,1,2,1110683
10,2021,3,1,6481160
10,2021,3,2,978870
10,2022,1,1,5736436
10,2022,1,2,1118569
10,2022,3,1,6527176
10,2022,3,2,985820
10,2023,1,1,5775444
10,2023,1,2,1126175
10,2023,3,1,6571561
10,2023,3,2,992524
10,2024,1,1,5812984
10,2024,1,2,1133495
10,2024,3,1,6614276
10,2024,3,2,998975
10,2025,1,1,5849025
10,2025,1,2,1140523
10,2025,3,1,6655285
10,2025,3,2,1005169
10,2026,1,1,5883534
10,2026,1,2,1147252
10,2026,3,1,6694551
10,2026,3,2,1011099
10,2027,1,1,5916482
10,2027,1,2,1153677
10,2027,3,1,6732040
10,2027,3,2,1016761
10,2028,1,1,5947839
10,2028,1,2,1159791
10,2028,3,1,6767720
10,2028,3,2,1022150
10,2029,1,1,5977578
10,2029,1,2,1165590
10,2029,3,1,6801559
10,2029,3,2,1027261
10,2030,1,1,6005673
10,2030,1,2,1171068
10,2030,3,1,6833526
10,2030,3,2,1032089
10,2031,1,1,6032098
10,2031,1,2,1176221
10,2031,3,1,6863594
10,2031,3,2,1036630
10,2032,1,1,6056830
10,2032,1,2,1181044
10,2032,3,1,6891735
10,2032,3,2,1040880
10,2033,1,1,6079846
10,2033,1,2,1185532
10,2033,3,1,6917924
10,2033,3,2,1044835
10,2034,1,1,6101125
10,2034,1,2,1189681
10,2034,3,1,6942137
10,2034,3,2,1048492
10,2035,1,1,6120649
10,2035,1,2,1193488
10,2035,3,1,6964352
10,2035,3,2,1051847
10,2036,1,1,6138399
10,2036,1,2,1196949
10,2036,3,1,6984549
10,2036,3,2,1054897
10,2037,1,1,6154973
10,2037,1,2,1200181
10,2037,3,1,7003407
10,2037,3,2,1057745
10,2038,1,1,6169745
10,2038,1,2,1203061
10,2038,3,1,7020215
10,2038,3,2,1060284
10,2039,1,1,6182701
10,2039,1,2,1205587
10,2039,3,1,7034957
10,2039,3,2,1062511
10,2040,1,1,6193830
10,2040,1,2,1207757
10,2040,3,1,7047620
10,2040,3,2,1064424
10,2041,1,1,6203740
10,2041,1,2,1209689
10,2041,3,1,7058896
10,2041,3,2,1066127
10,2042,1,1,6211805
10,2042,1,2,1211262
10,2042,3,1,7068073
10,2042,3,2,1067513
10,2043,1,1,6218638
10,2043,1,2,1212594
10,2043,3,1,7075848
10,2043,3,2,1068687
10,2044,1,1,6223613
10,2044,1,2,1213564
10,2044,3,1,7081509
10,2044,3,2,1069542
10,2045,1,1,6227347
10,2045,1,2,1214292
10,2045,3,1,7085758
10,2045,3,2,1070184
10,2046,1,1,6229215
10,2046,1,2,1214656
10,2046,3,1,7087884
10,2046,3,2,1070505
10,2047,1,1,6229838
10,2047,1,2,1214777
10,2047,3,1,7088593
10,2047,3,2,1070612
10,2048,1,1,6228592
10,2048,1,2,1214534
10,2048,3,1,7087175
10,2048,3,2,1070398
10,2049,1,1,6226101
10,2049,1,2,1214048
10,2049,3,1,7084340
10,2049,3,2,1069970
10,2050,1,1,6221743
10,2050,1,2,1213198
10,2050,3,1,7079381
10,2050,3,2,1069221
10,2051,1,1,6216143
10,2051,1,2,1212106
10,2051,3,1,7073010
10,2051,3,2,1068259
10,2052,1,1,6208684
10,2052,1,2,1210651
10,2052,3,1,7064522
10,2052,3,2,1066977
10,2053,1,1,6199992
10,2053,1,2,1208956
10,2053,3,1,7054632
10,2053,3,2,1065483
10,2054,1,1,6190072
10,2054,1,2,1207022
10,2054,3,1,7043345
10,2054,3,2,1063778
10,2055,1,1,6201833
10,2055,1,2,1209315
10,2055,3,1,7056727
10,2055,3,2,1065799
10,2056,1,1,6188809
10,2056,1,2,1206775
10,2056,3,1,7041908
10,2056,3,2,1063561
10,2057,1,1,6173956
10,2057,1,2,1203879
10,2057,3,1,7025007
10,2057,3,2,1061008
10,2058,1,1,6157904
10,2058,1,2,1200749
10,2058,3,1,7006742
10,2058,3,2,1058249
10,2059,1,1,6140046
10,2059,1,2,1197267
10,2059,3,1,6986422
10,2059,3,2,1055180
10,2060,1,1,6121012
10,2060,1,2,1193555
10,2060,3,1,6964764
10,2060,3,2,1051909
11,2013,1,1,4767199
11,2013,1,2,920636
11,2013,3,1,5551402
11,2013,3,2,829746
11,2014,1,1,5021990
11,2014,1,2,926010
11,2014,3,1,5795638
11,2014,3,2,862182
11,2015,1,1,5112252
11,2015,1,2,960799
11,2015,3,1,6018642
11,2015,3,2,896600
11,2016,1,1,5154684
11,2016,1,2,968774
11,2016,3,1,6068597
11,2016,3,2,904042
11,2017,1,1,5195921
11,2017,1,2,976524
11,2017,3,1,6117146
11,2017,3,2,911274
11,2018,1,1,5238528
11,2018,1,2,984531
11,2018,3,1,6167307
11,2018,3,2,918746
11,2019,1,1,5279912
11,2019,1,2,992309
11,2019,3,1,6216029
11,2019,3,2,926004
11,2020,1,1,5320567
11,2020,1,2,999950
11,2020,3,1,6263892
11,2020,3,2,933134
11,2021,1,1,5359939
11,2021,1,2,1007350
11,2021,3,1,6310245
11,2021,3,2,940039
11,2022,1,1,5397995
11,2022,1,2,1014502
11,2022,3,1,6355048
11,2022,3,2,946713
11,2023,1,1,5434701
11,2023,1,2,1021401
11,2023,3,1,6398262
11,2023,3,2,953151
11,2024,1,1,5470027
11,2024,1,2,1028040
11,2024,3,1,6439851
11,2024,3,2,959346
11,2025,1,1,5503941
11,2025,1,2,1034414
11,2025,3,1,6479778
11,2025,3,2,965294
11,2026,1,1,5536414
11,2026,1,2,1040517
11,2026,3,1,6518009
11,2026,3,2,970989
11,2027,1,1,5567418
11,2027,1,2,1046344
11,2027,3,1,6554510
11,2027,3,2,976427
11,2028,1,1,5596925
11,2028,1,2,1051890
11,2028,3,1,6589249
11,2028,3,2,981602
11,2029,1,1,5624910
11,2029,1,2,1057149
11,2029,3,1,6622195
11,2029,3,2,986510
11,2030,1,1,5651347
11,2030,1,2,1062118
11,2030,3,1,6653319
11,2030,3,2,991147
11,2031,1,1,5676213
11,2031,1,2,1066791
11,2031,3,1,6682594
11,2031,3,2,995508
11,2032,1,1,5699485
11,2032,1,2,1071165
11,2032,3,1,6709993
11,2032,3,2,999590
11,2033,1,1,5721143
11,2033,1,2,1075235
11,2033,3,1,6735491
11,2033,3,2,1003388
11,2034,1,1,5741167
11,2034,1,2,1078998
11,2034,3,1,6759065
11,2034,3,2,1006900
11,2035,1,1,5759539
11,2035,1,2,1082451
11,2035,3,1,6780694
11,2035,3,2,1010122
11,2036,1,1,5776242
11,2036,1,2,1085590
11,2036,3,1,6800358
11,2036,3,2,1013051
11,2037,1,1,5791838
11,2037,1,2,1088521
11,2037,3,1,6818719
11,2037,3,2,1015786
11,2038,1,1,5805738
11,2038,1,2,1091133
11,2038,3,1,6835084
11,2038,3,2,1018224
11,2039,1,1,5817930
11,2039,1,2,1093424
11,2039,3,1,6849438
11,2039,3,2,1020362
11,2040,1,1,5828402
11,2040,1,2,1095392
11,2040,3,1,6861767
11,2040,3,2,1022199
11,2041,1,1,5837727
11,2041,1,2,1097145
11,2041,3,1,6872746
11,2041,3,2,1023835
11,2042,1,1,5845316
11,2042,1,2,1098571
11,2042,3,1,6881681
11,2042,3,2,1025166
11,2043,1,1,5851746
11,2043,1,2,1099779
11,2043,3,1,6889251
11,2043,3,2,1026294
11,2044,1,1,5856427
11,2044,1,2,1100659
11,2044,3,1,6894762
11,2044,3,2,1027115
11,2045,1,1,5859941
11,2045,1,2,1101319
11,2045,3,1,6898899
11,2045,3,2,1027731
11,2046,1,1,5861699
11,2046,1,2,1101649
11,2046,3,1,6900969
11,2046,3,2,1028039
11,2047,1,1,5862285
11,2047,1,2,1101759
11,2047,3,1,6901659
11,2047,3,2,1028142
11,2048,1,1,5861113
11,2048,1,2,1101539
11,2048,3,1,6900279
11,2048,3,2,1027936
11,2049,1,1,5858769
11,2049,1,2,1101098
11,2049,3,1,6897519
11,2049,3,2,1027525
11,2050,1,1,5854668
11,2050,1,2,1100327
11,2050,3,1,6892691
11,2050,3,2,1026806
11,2051,1,1,5849399
11,2051,1,2,1099337
11,2051,3,1,6886488
11,2051,3,2,1025882
11,2052,1,1,5842380
11,2052,1,2,1098018
11,2052,3,1,6878224
11,2052,3,2,1024651
11,2053,1,1,5834201
11,2053,1,2,1096481
11,2053,3,1,6868594
11,2053,3,2,1023216
11,2054,1,1,5824866
11,2054,1,2,1094727
11,2054,3,1,6857604
11,2054,3,2,1021579
11,2055,1,1,5835933
11,2055,1,2,1096807
11,2055,3,1,6870633
11,2055,3,2,1023520
11,2056,1,1,5823678
11,2056,1,2,1094504
11,2056,3,1,6856205
11,2056,3,2,1021371
11,2057,1,1,5809701
11,2057,1,2,1091877
11,2057,3,1,6839750
11,2057,3,2,1018920
11,2058,1,1,5794596
11,2058,1,2,1089038
11,2058,3,1,6821967
11,2058,3,2,1016271
11,2059,1,1,5777792
11,2059,1,2,1085880
11,2059,3,1,6802183
11,2059,3,2,1013324
11,2060,1,1,5759881
11,2060,1,2,1082514
11,2060,3,1,6781096
11,2060,3,2,1010183
12,2013,1,1,3969658
12,2013,1,2,832816
12,2013,3,1,4730958
12,2013,3,2,757782
12,2014,1,1,4043593
12,2014,1,2,781508
12,2014,3,1,4887169
12,2014,3,2,735973
12,2015,1,1,4212576
12,2015,1,2,826136
12,2015,3,1,5128314
12,2015,3,2,735210
12,2016,1,1,4247540
12,2016,1,2,832993
12,2016,3,1,5170879
12,2016,3,2,741312
12,2017,1,1,4281520
12,2017,1,2,839657
12,2017,3,1,5212246
12,2017,3,2,747242
12,2018,1,1,4316628
12,2018,1,2,846542
12,2018,3,1,5254986
12,2018,3,2,753369
12,2019,1,1,4350729
12,2019,1,2,853230
12,2019,3,1,5296500
12,2019,3,2,759321
12,2020,1,1,4384230
12,2020,1,2,859800
12,2020,3,1,5337283
12,2020,3,2,765168
12,2021,1,1,4416673
12,2021,1,2,866163
12,2021,3,1,5376779
12,2021,3,2,770830
12,2022,1,1,4448031
12,2022,1,2,872313
12,2022,3,1,5414954
12,2022,3,2,776303
12,2023,1,1,4478278
12,2023,1,2,878245
12,2023,3,1,5451776
12,2023,3,2,781582
12,2024,1,1,4507387
12,2024,1,2,883954
12,2024,3,1,5487213
12,2024,3,2,786662
12,2025,1,1,4535333
12,2025,1,2,889435
12,2025,3,1,5521234
12,2025,3,2,791539
12,2026,1,1,4562091
12,2026,1,2,894683
12,2026,3,1,5553809
12,2026,3,2,796209
12,2027,1,1,4587639
12,2027,1,2,899693
12,2027,3,1,5584910
12,2027,3,2,800668
12,2028,1,1,4611953
12,2028,1,2,904461
12,2028,3,1,5614510
12,2028,3,2,804912
12,2029,1,1,4635013
12,2029,1,2,908983
12,2029,3,1,5642583
12,2029,3,2,808937
12,2030,1,1,4656798
12,2030,1,2,913255
12,2030,3,1,5669103
12,2030,3,2,812739
12,2031,1,1,4677288
12,2031,1,2,917273
12,2031,3,1,5694047
12,2031,3,2,816315
12,2032,1,1,4696465
12,2032,1,2,921034
12,2032,3,1,5717393
12,2032,3,2,819662
12,2033,1,1,4714312
12,2033,1,2,924534
12,2033,3,1,5739119
12,2033,3,2,822777
12,2034,1,1,4730812
12,2034,1,2,927770
12,2034,3,1,5759206
12,2034,3,2,825657
12,2035,1,1,4745951
12,2035,1,2,930739
12,2035,3,1,5777635
12,2035,3,2,828299
12,2036,1,1,4759714
12,2036,1,2,933438
12,2036,3,1,5794390
12,2036,3,2,830701
12,2037,1,1,4772565
12,2037,1,2,935958
12,2037,3,1,5810035
12,2037,3,2,832944
12,2038,1,1,4784019
12,2038,1,2,938204
12,2038,3,1,5823979
12,2038,3,2,834943
12,2039,1,1,4794065
12,2039,1,2,940174
12,2039,3,1,5836209
12,2039,3,2,836696
12,2040,1,1,4802694
12,2040,1,2,941866
12,2040,3,1,5846714
12,2040,3,2,838202
12,2041,1,1,4810378
12,2041,1,2,943373
12,2041,3,1,5856069
12,2041,3,2,839543
12,2042,1,1,4816631
12,2042,1,2,944599
12,2042,3,1,5863682
12,2042,3,2,840634
12,2043,1,1,4821929
12,2043,1,2,945638
12,2043,3,1,5870132
12,2043,3,2,841559
12,2044,1,1,4825787
12,2044,1,2,946395
12,2044,3,1,5874828
12,2044,3,2,842232
12,2045,1,1,4828682
12,2045,1,2,946963
12,2045,3,1,5878353
12,2045,3,2,842737
12,2046,1,1,4830131
12,2046,1,2,947247
12,2046,3,1,5880117
12,2046,3,2,842990
12,2047,1,1,4830614
12,2047,1,2,947342
12,2047,3,1,5880705
12,2047,3,2,843074
12,2048,1,1,4829648
12,2048,1,2,947153
12,2048,3,1,5879529
12,2048,3,2,842905
12,2049,1,1,4827716
12,2049,1,2,946774
12,2049,3,1,5877177
12,2049,3,2,842568
12,2050,1,1,4824337
12,2050,1,2,946111
12,2050,3,1,5873063
12,2050,3,2,841978
12,2051,1,1,4819995
12,2051,1,2,945260
12,2051,3,1,5867777
12,2051,3,2,841220
12,2052,1,1,4814211
12,2052,1,2,944126
12,2052,3,1,5860736
12,2052,3,2,840211
12,2053,1,1,4807471
12,2053,1,2,942804
12,2053,3,1,5852531
12,2053,3,2,839035
12,2054,1,1,4799779
12,2054,1,2,941296
12,2054,3,1,5843167
12,2054,3,2,837693
12,2055,1,1,4808899
12,2055,1,2,943084
12,2055,3,1,5854269
12,2055,3,2,839285
12,2056,1,1,4798800
12,2056,1,2,941104
12,2056,3,1,5841975
12,2056,3,2,837523
12,2057,1,1,4787283
12,2057,1,2,938845
12,2057,3,1,5827954
12,2057,3,2,835513
12,2058,1,1,4774836
12,2058,1,2,936404
12,2058,3,1,5812801
12,2058,3,2,833341
12,2059,1,1,4760989
12,2059,1,2,933688
12,2059,3,1,5795944
12,2059,3,2,830924
12,2060,1,1,4746230
12,2060,1,2,930794
12,2060,3,1,5777977
12,2060,3,2,828348
13,2013,1,1,3177025
13,2013,1,2,702827
13,2013,3,1,3840527
13,2013,3,2,669411
13,2014,1,1,3465265
13,2014,1,2,702468
13,2014,3,1,4207302
13,2014,3,2,636839
13,2015,1,1,3410421
13,2015,1,2,716151
13,2015,3,1,4350419
13,2015,3,2,685553
13,2016,1,1,3438727
13,2016,1,2,722095
13,2016,3,1,4386527
13,2016,3,2,691243
13,2017,1,1,3466237
13,2017,1,2,727872
13,2017,3,1,4421619
13,2017,3,2,696773
13,2018,1,1,3494660
13,2018,1,2,733841
13,2018,3,1,4457876
13,2018,3,2,702487
13,2019,1,1,3522268
13,2019,1,2,739638
13,2019,3,1,4493093
13,2019,3,2,708037
13,2020,1,1,3549389
13,2020,1,2,745333
13,2020,3,1,4527690
13,2020,3,2,713489
13,2021,1,1,3575654
13,2021,1,2,750848
13,2021,3,1,4561195
13,2021,3,2,718769
13,2022,1,1,3601041
13,2022,1,2,756179
13,2022,3,1,4593579
13,2022,3,2,723872
13,2023,1,1,3625528
13,2023,1,2,761321
13,2023,3,1,4624815
13,2023,3,2,728794
13,2024,1,1,3649094
13,2024,1,2,766270
13,2024,3,1,4654876
13,2024,3,2,733531
13,2025,1,1,3671718
13,2025,1,2,771021
13,2025,3,1,4683736
13,2025,3,2,738079
13,2026,1,1,3693381
13,2026,1,2,775570
13,2026,3,1,4711370
13,2026,3,2,742434
13,2027,1,1,3714064
13,2027,1,2,779913
13,2027,3,1,4737754
13,2027,3,2,746592
13,2028,1,1,3733749
13,2028,1,2,784047
13,2028,3,1,4762864
13,2028,3,2,750549
13,2029,1,1,3752418
13,2029,1,2,787967
13,2029,3,1,4786678
13,2029,3,2,754302
13,2030,1,1,3770054
13,2030,1,2,791670
13,2030,3,1,4809175
13,2030,3,2,757847
13,2031,1,1,3786642
13,2031,1,2,795153
13,2031,3,1,4830335
13,2031,3,2,761182
13,2032,1,1,3802167
13,2032,1,2,798413
13,2032,3,1,4850139
13,2032,3,2,764303
13,2033,1,1,3816615
13,2033,1,2,801447
13,2033,3,1,4868570
13,2033,3,2,767207
13,2034,1,1,3829973
13,2034,1,2,804252
13,2034,3,1,4885610
13,2034,3,2,769892
13,2035,1,1,3842229
13,2035,1,2,806826
13,2035,3,1,4901244
13,2035,3,2,772356
13,2036,1,1,3853371
13,2036,1,2,809166
13,2036,3,1,4915458
13,2036,3,2,774596
13,2037,1,1,3863775
13,2037,1,2,811351
13,2037,3,1,4928730
13,2037,3,2,776687
13,2038,1,1,3873048
13,2038,1,2,813298
13,2038,3,1,4940559
13,2038,3,2,778551
13,2039,1,1,3881181
13,2039,1,2,815006
13,2039,3,1,4950934
13,2039,3,2,780186
13,2040,1,1,3888167
13,2040,1,2,816473
13,2040,3,1,4959846
13,2040,3,2,781590
13,2041,1,1,3894388
13,2041,1,2,817779
13,2041,3,1,4967782
13,2041,3,2,782841
13,2042,1,1,3899451
13,2042,1,2,818842
13,2042,3,1,4974240
13,2042,3,2,783859
13,2043,1,1,3903740
13,2043,1,2,819743
13,2043,3,1,4979712
13,2043,3,2,784721
13,2044,1,1,3906863
13,2044,1,2,820399
13,2044,3,1,4983696
13,2044,3,2,785349
13,2045,1,1,3909207
13,2045,1,2,820891
13,2045,3,1,4986686
13,2045,3,2,785820
13,2046,1,1,3910380
13,2046,1,2,821137
13,2046,3,1,4988182
13,2046,3,2,786056
13,2047,1,1,3910771
13,2047,1,2,821219
13,2047,3,1,4988681
13,2047,3,2,786135
13,2048,1,1,3909989
13,2048,1,2,821055
13,2048,3,1,4987683
13,2048,3,2,785978
13,2049,1,1,3908425
13,2049,1,2,820727
13,2049,3,1,4985688
13,2049,3,2,785664
13,2050,1,1,3905689
13,2050,1,2,820152
13,2050,3,1,4982198
13,2050,3,2,785114
13,2051,1,1,3902174
13,2051,1,2,819414
13,2051,3,1,4977714
13,2051,3,2,784407
13,2052,1,1,3897491
13,2052,1,2,818431
13,2052,3,1,4971741
13,2052,3,2,783466
13,2053,1,1,3892035
13,2053,1,2,817285
13,2053,3,1,4964781
13,2053,3,2,782369
13,2054,1,1,3885808
13,2054,1,2,815977
13,2054,3,1,4956837
13,2054,3,2,781117
13,2055,1,1,3893191
13,2055,1,2,817527
13,2055,3,1,4966255
13,2055,3,2,782601
13,2056,1,1,3885015
13,2056,1,2,815810
13,2056,3,1,4955826
13,2056,3,2,780958
13,2057,1,1,3875691
13,2057,1,2,813852
13,2057,3,1,4943932
13,2057,3,2,779084
13,2058,1,1,3865614
13,2058,1,2,811736
13,2058,3,1,4931078
13,2058,3,2,777058
13,2059,1,1,3854404
13,2059,1,2,809382
13,2059,3,1,4916778
13,2059,3,2,774805
13,2060,1,1,3842455
13,2060,1,2,806873
13,2060,3,1,4901536
13,2060,3,2,772403
14,2013,1,1,2350414
14,2013,1,2,564302
14,2013,3,1,2891073
14,2013,3,2,469701
14,2014,1,1,2444465
14,2014,1,2,544733
14,2014,3,1,3091069
14,2014,3,2,492274
14,2015,1,1,2663475
14,2015,1,2,604007
14,2015,3,1,3425726
14,2015,3,2,510918
14,2016,1,1,2685582
14,2016,1,2,609020
14,2016,3,1,3454160
14,2016,3,2,515159
14,2017,1,1,2707067
14,2017,1,2,613892
14,2017,3,1,3481793
14,2017,3,2,519280
14,2018,1,1,2729265
14,2018,1,2,618926
14,2018,3,1,3510344
14,2018,3,2,523538
14,2019,1,1,2750826
14,2019,1,2,623816
14,2019,3,1,3538076
14,2019,3,2,527674
14,2020,1,1,2772007
14,2020,1,2,628619
14,2020,3,1,3565319
14,2020,3,2,531737
14,2021,1,1,2792520
14,2021,1,2,633271
14,2021,3,1,3591702
14,2021,3,2,535672
14,2022,1,1,2812347
14,2022,1,2,637767
14,2022,3,1,3617203
14,2022,3,2,539475
14,2023,1,1,2831471
14,2023,1,2,642104
14,2023,3,1,3641800
14,2023,3,2,543143
14,2024,1,1,2849876
14,2024,1,2,646278
14,2024,3,1,3665472
14,2024,3,2,546673
14,2025,1,1,2867545
14,2025,1,2,650285
14,2025,3,1,3688198
14,2025,3,2,550062
14,2026,1,1,2884464
14,2026,1,2,654122
14,2026,3,1,3709958
14,2026,3,2,553307
14,2027,1,1,2900617
14,2027,1,2,657785
14,2027,3,1,3730734
14,2027,3,2,556406
14,2028,1,1,2915990
14,2028,1,2,661271
14,2028,3,1,3750507
14,2028,3,2,559355
14,2029,1,1,2930570
14,2029,1,2,664577
14,2029,3,1,3769260
14,2029,3,2,562152
14,2030,1,1,2944344
14,2030,1,2,667701
14,2030,3,1,3786976
14,2030,3,2,564794
14,2031,1,1,2957299
14,2031,1,2,670639
14,2031,3,1,3803639
14,2031,3,2,567279
14,2032,1,1,2969424
14,2032,1,2,673389
14,2032,3,1,3819234
14,2032,3,2,569605
14,2033,1,1,2980708
14,2033,1,2,675948
14,2033,3,1,3833747
14,2033,3,2,571769
14,2034,1,1,2991140
14,2034,1,2,678314
14,2034,3,1,3847165
14,2034,3,2,573770
14,2035,1,1,3000712
14,2035,1,2,680485
14,2035,3,1,3859476
14,2035,3,2,575606
14,2036,1,1,3009414
14,2036,1,2,682458
14,2036,3,1,3870668
14,2036,3,2,577275
14,2037,1,1,3017539
14,2037,1,2,684301
14,2037,3,1,3881119
14,2037,3,2,578834
14,2038,1,1,3024781
14,2038,1,2,685943
14,2038,3,1,3890434
14,2038,3,2,580223
14,2039,1,1,3031133
14,2039,1,2,687383
14,2039,3,1,3898604
14,2039,3,2,581441
14,2040,1,1,3036589
14,2040,1,2,688620
14,2040,3,1,3905621
14,2040,3,2,582488
14,2041,1,1,3041448
14,2041,1,2,689722
14,2041,3,1,3911870
14,2041,3,2,583420
14,2042,1,1,3045402
14,2042,1,2,690619
14,2042,3,1,3916955
14,2042,3,2,584178
14,2043,1,1,3048752
14,2043,1,2,691379
14,2043,3,1,3921264
14,2043,3,2,584821
14,2044,1,1,3051191
14,2044,1,2,691932
14,2044,3,1,3924401
14,2044,3,2,585289
14,2045,1,1,3053022
14,2045,1,2,692347
14,2045,3,1,3926756
14,2045,3,2,585640
14,2046,1,1,3053938
14,2046,1,2,692555
14,2046,3,1,3927934
14,2046,3,2,585816
14,2047,1,1,3054243
14,2047,1,2,692624
14,2047,3,1,3928327
14,2047,3,2,585875
14,2048,1,1,3053632
14,2048,1,2,692485
14,2048,3,1,3927541
14,2048,3,2,585758
14,2049,1,1,3052411
14,2049,1,2,692208
14,2049,3,1,3925970
14,2049,3,2,585524
14,2050,1,1,3050274
14,2050,1,2,691723
14,2050,3,1,3923222
14,2050,3,2,585114
14,2051,1,1,3047529
14,2051,1,2,691100
14,2051,3,1,3919691
14,2051,3,2,584587
14,2052,1,1,3043872
14,2052,1,2,690271
14,2052,3,1,3914987
14,2052,3,2,583885
14,2053,1,1,3039611
14,2053,1,2,689305
14,2053,3,1,3909506
14,2053,3,2,583068
14,2054,1,1,3034748
14,2054,1,2,688202
14,2054,3,1,3903251
14,2054,3,2,582135
14,2055,1,1,3040514
14,2055,1,2,689510
14,2055,3,1,3910667
14,2055,3,2,583241
14,2056,1,1,3034129
14,2056,1,2,688062
14,2056,3,1,3902455
14,2056,3,2,582016
14,2057,1,1,3026847
14,2057,1,2,686411
14,2057,3,1,3893089
14,2057,3,2,580619
14,2058,1,1,3018977
14,2058,1,2,684626
14,2058,3,1,3882967
14,2058,3,2,579109
14,2059,1,1,3010222
14,2059,1,2,682641
14,2059,3,1,3871706
14,2059,3,2,577430
14,2060,1,1,3000890
14,2060,1,2,680525
14,2060,3,1,3859704
14,2060,3,2,575640
15,2013,1,1,3939534
15,2013,1,2,952818
15,2013,3,1,5839421
15,2013,3,2,882081
15,2014,1,1,4187067
15,2014,1,2,995496
15,2014,3,1,6168877
15,2014,3,2,946017
15,2015,1,1,4456324
15,2015,1,2,1095083
15,2015,3,1,6443453
15,2015,3,2,1012440
15,2016,1,1,4493311
15,2016,1,2,1104172
15,2016,3,1,6496934
15,2016,3,2,1020843
15,2017,1,1,4529257
15,2017,1,2,1113005
15,2017,3,1,6548909
15,2017,3,2,1029010
15,2018,1,1,4566397
15,2018,1,2,1122132
15,2018,3,1,6602610
15,2018,3,2,1037448
15,2019,1,1,4602472
15,2019,1,2,1130997
15,2019,3,1,6654771
15,2019,3,2,1045644
15,2020,1,1,4637911
15,2020,1,2,1139706
15,2020,3,1,6706013
15,2020,3,2,1053695
15,2021,1,1,4672232
15,2021,1,2,1148140
15,2021,3,1,6755637
15,2021,3,2,1061492
15,2022,1,1,4705405
15,2022,1,2,1156292
15,2022,3,1,6803602
15,2022,3,2,1069029
15,2023,1,1,4737402
15,2023,1,2,1164155
15,2023,3,1,6849866
15,2023,3,2,1076298
15,2024,1,1,4768195
15,2024,1,2,1171722
15,2024,3,1,6894390
15,2024,3,2,1083294
15,2025,1,1,4797758
15,2025,1,2,1178987
15,2025,3,1,6937135
15,2025,3,2,1090010
15,2026,1,1,4826065
15,2026,1,2,1185943
15,2026,3,1,6978064
15,2026,3,2,1096441
15,2027,1,1,4853091
15,2027,1,2,1192584
15,2027,3,1,7017141
15,2027,3,2,1102581
15,2028,1,1,4878812
15,2028,1,2,1198905
15,2028,3,1,7054332
15,2028,3,2,1108425
15,2029,1,1,4903206
15,2029,1,2,1204900
15,2029,3,1,7089604
15,2029,3,2,1113967
15,2030,1,1,4926251
15,2030,1,2,1210563
15,2030,3,1,7122925
15,2030,3,2,1119203
15,2031,1,1,4947927
15,2031,1,2,1215889
15,2031,3,1,7154266
15,2031,3,2,1124127
15,2032,1,1,4968214
15,2032,1,2,1220874
15,2032,3,1,7183598
15,2032,3,2,1128736
15,2033,1,1,4987093
15,2033,1,2,1225513
15,2033,3,1,7210896
15,2033,3,2,1133025
15,2034,1,1,5004548
15,2034,1,2,1229802
15,2034,3,1,7236134
15,2034,3,2,1136991
15,2035,1,1,5020563
15,2035,1,2,1233737
15,2035,3,1,7259290
15,2035,3,2,1140629
15,2036,1,1,5035123
15,2036,1,2,1237315
15,2036,3,1,7280342
15,2036,3,2,1143937
15,2037,1,1,5048718
15,2037,1,2,1240656
15,2037,3,1,7299999
15,2037,3,2,1147026
15,2038,1,1,5060835
15,2038,1,2,1243634
15,2038,3,1,7317519
15,2038,3,2,1149779
15,2039,1,1,5071463
15,2039,1,2,1246246
15,2039,3,1,7332886
15,2039,3,2,1152194
15,2040,1,1,5080592
15,2040,1,2,1248489
15,2040,3,1,7346085
15,2040,3,2,1154268
15,2041,1,1,5088721
15,2041,1,2,1250487
15,2041,3,1,7357839
15,2041,3,2,1156115
15,2042,1,1,5095336
15,2042,1,2,1252113
15,2042,3,1,7367404
15,2042,3,2,1157618
15,2043,1,1,5100941
15,2043,1,2,1253490
15,2043,3,1,7375508
15,2043,3,2,1158891
15,2044,1,1,5105022
15,2044,1,2,1254493
15,2044,3,1,7381408
15,2044,3,2,1159818
15,2045,1,1,5108085
15,2045,1,2,1255246
15,2045,3,1,7385837
15,2045,3,2,1160514
15,2046,1,1,5109617
15,2046,1,2,1255623
15,2046,3,1,7388053
15,2046,3,2,1160862
15,2047,1,1,5110128
15,2047,1,2,1255749
15,2047,3,1,7388792
15,2047,3,2,1160978
15,2048,1,1,5109106
15,2048,1,2,1255498
15,2048,3,1,7387314
15,2048,3,2,1160746
15,2049,1,1,5107062
15,2049,1,2,1254996
15,2049,3,1,7384359
15,2049,3,2,1160282
15,2050,1,1,5103487
15,2050,1,2,1254118
15,2050,3,1,7379190
15,2050,3,2,1159470
15,2051,1,1,5098894
15,2051,1,2,1252989
15,2051,3,1,7372549
15,2051,3,2,1158426
15,2052,1,1,5092775
15,2052,1,2,1251485
15,2052,3,1,7363702
15,2052,3,2,1157036
15,2053,1,1,5085645
15,2053,1,2,1249733
15,2053,3,1,7353393
15,2053,3,2,1155416
15,2054,1,1,5077508
15,2054,1,2,1247733
15,2054,3,1,7341628
15,2054,3,2,1153567
15,2055,1,1,5087155
15,2055,1,2,1250104
15,2055,3,1,7355577
15,2055,3,2,1155759
15,2056,1,1,5076472
15,2056,1,2,1247479
15,2056,3,1,7340130
15,2056,3,2,1153332
15,2057,1,1,5064288
15,2057,1,2,1244485
15,2057,3,1,7322514
15,2057,3,2,1150564
15,2058,1,1,5051121
15,2058,1,2,1241249
15,2058,3,1,7303475
15,2058,3,2,1147573
15,2059,1,1,5036473
15,2059,1,2,1237649
15,2059,3,1,7282295
15,2059,3,2,1144245
15,2060,1,1,5020860
15,2060,1,2,1233812
15,2060,3,1,7259720
15,2060,3,2,1140698
